name,age,mail,phone,division
raphael,12,raphael@gmail.com,123456,G
raphael,12,raphael@gmail.com,123456,G
raphael,12,raphael@gmail.com,123456,G
raphael,12,raphael@gmail.com,123456,G
raphael,12,raphael@gmail.com,123456,G
raphael,12,raphael@gmail.com,123456,G
raphael,12,raphael@gmail.com,123456,G
raphael,12,raphael@gmail.com,123456,G
raphael,12,raphael@gmail.com,123456,G
raphael,12,raphael@gmail.com,123456,G
raphael,12,raphael@gmail.com,123456,G
raphael,12,raphael@gmail.com,123456,G
raphael,12,raphael@gmail.com,123456,G
raphael,12,raphael@gmail.com,123456,G
raphael,12,raphael@gmail.com,123456,G
raphael,12,raphael@gmail.com,123456,G
raphael,12,raphael@gmail.com,123456,G
raphael,12,raphael@gmail.com,123456,G
raphael,12,raphael@gmail.com,123456,G
raphael,12,raphael@gmail.com,123456,G
raphael,12,raphael@gmail.com,123456,G
raphael,12,raphael@gmail.com,123456,G
raphael,12,raphael@gmail.com,123456,G
raphael,12,raphael@gmail.com,123456,G
raphael,12,raphael@gmail.com,123456,G
raphael,12,raphael@gmail.com,123456,G
raphael,12,raphael@gmail.com,123456,G
raphael,12,raphael@gmail.com,123456,G
